{
  "1": {
    "seg_acc_mean": 0.8880434782608695,
    "seg_acc_std": 0.05869565217391303,
    "seg_f1_mean": 0.9026712284131639,
    "seg_f1_std": 0.03950874721340446,
    "rec_acc_mean": 0.8880434782608695,
    "rec_acc_std": 0.05869565217391303,
    "rec_f1_mean": 0.9026712284131639,
    "rec_f1_std": 0.03950874721340446
  },
  "2": {
    "seg_acc_mean": 0.8882246376811593,
    "seg_acc_std": 0.05127675709427656,
    "seg_f1_mean": 0.9010010397641404,
    "seg_f1_std": 0.031021834119523035,
    "rec_acc_mean": 0.8797101449275363,
    "rec_acc_std": 0.06853095894224283,
    "rec_f1_mean": 0.8878699478224096,
    "rec_f1_std": 0.05588521418633035
  },
  "4": {
    "seg_acc_mean": 0.8408514492753623,
    "seg_acc_std": 0.04876823707373459,
    "seg_f1_mean": 0.8561100536006301,
    "seg_f1_std": 0.03844812647716671,
    "rec_acc_mean": 0.8880434782608695,
    "rec_acc_std": 0.08043478260869567,
    "rec_f1_mean": 0.9002943722943723,
    "rec_f1_std": 0.05801030171477526
  },
  "8": {
    "seg_acc_mean": 0.8258152173913043,
    "seg_acc_std": 0.04415572738467304,
    "seg_f1_mean": 0.8382464129775758,
    "seg_f1_std": 0.03997417202733384,
    "rec_acc_mean": 0.8887681159420291,
    "rec_acc_std": 0.06801179210059313,
    "rec_f1_mean": 0.8992943722943723,
    "rec_f1_std": 0.05839335449884688
  },
  "16": {
    "seg_acc_mean": 0.7964447463768116,
    "seg_acc_std": 0.07050135158360811,
    "seg_f1_mean": 0.814545869413484,
    "seg_f1_std": 0.04663560237355809,
    "rec_acc_mean": 0.8623188405797102,
    "rec_acc_std": 0.11756115820680142,
    "rec_f1_mean": 0.8746753246753247,
    "rec_f1_std": 0.09600829846131806
  },
  "32": {
    "seg_acc_mean": 0.7717504528985507,
    "seg_acc_std": 0.06334058256634352,
    "seg_f1_mean": 0.7892874126555514,
    "seg_f1_std": 0.04054150162337446,
    "rec_acc_mean": 0.8195652173913043,
    "rec_acc_std": 0.08237954487607137,
    "rec_f1_mean": 0.8328835582208896,
    "rec_f1_std": 0.0664760940049735
  },
  "64": {
    "seg_acc_mean": 0.7378566576086956,
    "seg_acc_std": 0.06915351280099936,
    "seg_f1_mean": 0.757863554586147,
    "seg_f1_std": 0.04956719170606804,
    "rec_acc_mean": 0.8021739130434783,
    "rec_acc_std": 0.1175522246486589,
    "rec_f1_mean": 0.8103982683982685,
    "rec_f1_std": 0.09892728893911054
  }
}