{
  "logistic_regression": {
    "1": {
      "seg_acc_mean": 0.9054347826086957,
      "seg_acc_std": 0.07432748259686416,
      "seg_f1_mean": 0.9193378950798305,
      "seg_f1_std": 0.056022913400981734,
      "rec_acc_mean": 0.9054347826086957,
      "rec_acc_std": 0.07432748259686416,
      "rec_f1_mean": 0.9193378950798305,
      "rec_f1_std": 0.056022913400981734
    },
    "2": {
      "seg_acc_mean": 0.8969202898550724,
      "seg_acc_std": 0.04917535674486855,
      "seg_f1_mean": 0.9090063469641716,
      "seg_f1_std": 0.03327209095377031,
      "rec_acc_mean": 0.8967391304347826,
      "rec_acc_std": 0.04374915608151763,
      "rec_f1_mean": 0.9029999999999999,
      "rec_f1_std": 0.0302654919008431
    },
    "4": {
      "seg_acc_mean": 0.8494565217391304,
      "seg_acc_std": 0.06118899106538074,
      "seg_f1_mean": 0.8666407340232581,
      "seg_f1_std": 0.04178611222947668,
      "rec_acc_mean": 0.8963768115942029,
      "rec_acc_std": 0.08080928614174292,
      "rec_f1_mean": 0.908909756909757,
      "rec_f1_std": 0.05755351307814003
    },
    "8": {
      "seg_acc_mean": 0.8344655797101449,
      "seg_acc_std": 0.050883308380338506,
      "seg_f1_mean": 0.8486340101571871,
      "seg_f1_std": 0.03993138188776161,
      "rec_acc_mean": 0.8971014492753623,
      "rec_acc_std": 0.07452150801265182,
      "rec_f1_mean": 0.9099250856670211,
      "rec_f1_std": 0.055228441302006444
    },
    "16": {
      "seg_acc_mean": 0.795403079710145,
      "seg_acc_std": 0.0661871371582881,
      "seg_f1_mean": 0.814613558181998,
      "seg_f1_std": 0.04127796604688207,
      "rec_acc_mean": 0.8880434782608695,
      "rec_acc_std": 0.08043478260869567,
      "rec_f1_mean": 0.9002857142857144,
      "rec_f1_std": 0.05685929644162624
    },
    "32": {
      "seg_acc_mean": 0.7688066123188406,
      "seg_acc_std": 0.05753104616872949,
      "seg_f1_mean": 0.7900019901752838,
      "seg_f1_std": 0.03664919643572486,
      "rec_acc_mean": 0.8532608695652174,
      "rec_acc_std": 0.08090345246055823,
      "rec_f1_mean": 0.8649705147426288,
      "rec_f1_std": 0.055600070102138265
    },
    "64": {
      "seg_acc_mean": 0.7527456974637682,
      "seg_acc_std": 0.05666126167895949,
      "seg_f1_mean": 0.7744937129252621,
      "seg_f1_std": 0.03741208763253845,
      "rec_acc_mean": 0.8108695652173914,
      "rec_acc_std": 0.07886242237920457,
      "rec_f1_mean": 0.8232369780756876,
      "rec_f1_std": 0.05945280975758156
    }
  },
  "linear_svm": {
    "1": {
      "seg_acc_mean": 0.9141304347826086,
      "seg_acc_std": 0.054173633888596154,
      "seg_f1_mean": 0.9255090030742205,
      "seg_f1_std": 0.0479141549470681,
      "rec_acc_mean": 0.9141304347826086,
      "rec_acc_std": 0.054173633888596154,
      "rec_f1_mean": 0.9255090030742205,
      "rec_f1_std": 0.0479141549470681
    },
    "2": {
      "seg_acc_mean": 0.8882246376811593,
      "seg_acc_std": 0.03342182645385898,
      "seg_f1_mean": 0.8964509283873724,
      "seg_f1_std": 0.026627169159997424,
      "rec_acc_mean": 0.8797101449275363,
      "rec_acc_std": 0.049275362318840575,
      "rec_f1_mean": 0.8820877192982456,
      "rec_f1_std": 0.04564426798354608
    },
    "4": {
      "seg_acc_mean": 0.844927536231884,
      "seg_acc_std": 0.039914316967885236,
      "seg_f1_mean": 0.8577472009089513,
      "seg_f1_std": 0.028865102259644473,
      "rec_acc_mean": 0.8876811594202898,
      "rec_acc_std": 0.07606970128701862,
      "rec_f1_mean": 0.8971515151515153,
      "rec_f1_std": 0.05276334537577521
    },
    "8": {
      "seg_acc_mean": 0.8278985507246377,
      "seg_acc_std": 0.04303823224753371,
      "seg_f1_mean": 0.841089617686664,
      "seg_f1_std": 0.040761421771247044,
      "rec_acc_mean": 0.8884057971014492,
      "rec_acc_std": 0.042402141560370414,
      "rec_f1_mean": 0.8962870462870463,
      "rec_f1_std": 0.03942435650645698
    },
    "16": {
      "seg_acc_mean": 0.7968523550724639,
      "seg_acc_std": 0.06094676848417063,
      "seg_f1_mean": 0.8141921486012407,
      "seg_f1_std": 0.03725833920984708,
      "rec_acc_mean": 0.8789855072463768,
      "rec_acc_std": 0.1009199441075576,
      "rec_f1_mean": 0.8898193760262725,
      "rec_f1_std": 0.07982753174255111
    },
    "32": {
      "seg_acc_mean": 0.7504302536231884,
      "seg_acc_std": 0.04109167793751478,
      "seg_f1_mean": 0.7729823718485566,
      "seg_f1_std": 0.02751839372477573,
      "rec_acc_mean": 0.8619565217391303,
      "rec_acc_std": 0.06973484753193672,
      "rec_f1_mean": 0.8747329192546583,
      "rec_f1_std": 0.050277857633849926
    },
    "64": {
      "seg_acc_mean": 0.7480015851449275,
      "seg_acc_std": 0.06009962168295113,
      "seg_f1_mean": 0.7707264131141347,
      "seg_f1_std": 0.0395107346970585,
      "rec_acc_mean": 0.8108695652173914,
      "rec_acc_std": 0.07886242237920457,
      "rec_f1_mean": 0.8232369780756876,
      "rec_f1_std": 0.05945280975758156
    }
  }
}