{
  "1": {
    "seg_acc_mean": 0.8793478260869566,
    "seg_acc_std": 0.07491015412429936,
    "seg_f1_mean": 0.8959121165572779,
    "seg_f1_std": 0.05449490139354152,
    "rec_acc_mean": 0.8793478260869566,
    "rec_acc_std": 0.07491015412429936,
    "rec_f1_mean": 0.8959121165572779,
    "rec_f1_std": 0.05449490139354152
  },
  "2": {
    "seg_acc_mean": 0.8907608695652174,
    "seg_acc_std": 0.03848808521105727,
    "seg_f1_mean": 0.901583012670846,
    "seg_f1_std": 0.022997190930472592,
    "rec_acc_mean": 0.8865217391304349,
    "rec_acc_std": 0.05332781950073729,
    "rec_f1_mean": 0.893190366961844,
    "rec_f1_std": 0.04058321793304187
  },
  "4": {
    "seg_acc_mean": 0.8515398550724637,
    "seg_acc_std": 0.039738052845356545,
    "seg_f1_mean": 0.8645453164773949,
    "seg_f1_std": 0.032586677435685336,
    "rec_acc_mean": 0.894855072463768,
    "rec_acc_std": 0.06001487598266325,
    "rec_f1_mean": 0.9050999731451345,
    "rec_f1_std": 0.03953559887714929
  },
  "8": {
    "seg_acc_mean": 0.8324547101449277,
    "seg_acc_std": 0.041078908197489244,
    "seg_f1_mean": 0.8446663336063562,
    "seg_f1_std": 0.03885495790799573,
    "rec_acc_mean": 0.9005797101449275,
    "rec_acc_std": 0.05096506169060817,
    "rec_f1_mean": 0.9081249388292866,
    "rec_f1_std": 0.04278944686999984
  },
  "16": {
    "seg_acc_mean": 0.8024682971014492,
    "seg_acc_std": 0.06454054787919884,
    "seg_f1_mean": 0.8201870489302999,
    "seg_f1_std": 0.040578114251714106,
    "rec_acc_mean": 0.8626811594202899,
    "rec_acc_std": 0.10435638048671565,
    "rec_f1_mean": 0.8762572599813978,
    "rec_f1_std": 0.08368972178074374
  },
  "32": {
    "seg_acc_mean": 0.774091938405797,
    "seg_acc_std": 0.05723035131159822,
    "seg_f1_mean": 0.7921748019366277,
    "seg_f1_std": 0.034818201475033075,
    "rec_acc_mean": 0.8174637681159421,
    "rec_acc_std": 0.07618020510929063,
    "rec_f1_mean": 0.8262261939468599,
    "rec_f1_std": 0.05449305177682065
  },
  "64": {
    "seg_acc_mean": 0.7473086503623187,
    "seg_acc_std": 0.05923946755412265,
    "seg_f1_mean": 0.7684638460687641,
    "seg_f1_std": 0.04167986783709273,
    "rec_acc_mean": 0.8178260869565218,
    "rec_acc_std": 0.08885322746105372,
    "rec_f1_mean": 0.8272052102143315,
    "rec_f1_std": 0.07056690744067091
  }
}